pilot_id	first_name	last_name	license_number	contact_info
1	John	Smith	LIC12345	john.smith@example.com
2	Jane	Doe	LIC67890	jane.doe@example.com
3	Isabella	Brown	LIC11223	isabella.brown@example.com
4	Emily	Jones	LIC44556	emily.jones@example.com
5	Oliver	Taylor	LIC77889	oliver.taylor@example.com
6	Charlotte	Wilson	LIC99001	charlotte.wilson@example.com
7	Harry	White	LIC22334	harry.white@example.com
8	Amelia	Thomas	LIC55667	amelia.thomas@example.com
9	Jack	Harris	LIC88990	jack.harris@example.com
10	Isabella	Martin	LIC00112	isabella.martin@example.com